ANTONIO,GARCIA,ANTONIO.GARCIA@hotmail.com
Juan,Perez,juan.perez@outloook.com
Carlos,Ibarra,tami.cibarra@gmail.com
Miguel,Martinez,m.mtz@hotmail.com
Martin,Ramirez,martin.r@outloook.com
JOSE,MARTINEZ,JOSE.MARTINEZ@hotmail.com
FRANCISCO,LOPEZ,FRANCISCO.LOPEZ@hotmail.com
JUAN,SANCHEZ,JUAN.SANCHEZ@hotmail.com
MANUEL,GONZALEZ,MANUEL.GONZALEZ@hotmail.com
PEDRO,GOMEZ,PEDRO.GOMEZ@hotmail.com
JESUS,FERNANDEZ,JESUS.FERNANDEZ@hotmail.com
ANGEL,MORENO,ANGEL.MORENO@hotmail.com
MIGUEL,JIMENEZ,MIGUEL.JIMENEZ@hotmail.com
JAVIER,PEREZ,JAVIER.PEREZ@hotmail.com
ANTONIO,RODRIGUEZ,ANTONIO.RODRIGUEZ@hotmail.com
DAVID,NAVARRO,DAVID.NAVARRO@hotmail.com
CARLOS,RUIZ,CARLOS.RUIZ@hotmail.com
LUIS,DIAZ,LUIS.DIAZ@hotmail.com
ALEJANDRO,SERRANO,ALEJANDRO.SERRANO@hotmail.com
MIGUEL,HERNANDEZ,ANGEL.HERNANDEZ@hotmail.com
JAVIER,MUÑOZ,FRANCISCO.MUÑOZ@hotmail.com